{"cameraMode":{"drawMode":0,"name":"Shaded","section":"Shading Mode"},"sceneLighting":true,"audioPlay":false,"sceneViewState":{"showFog":true,"showMaterialUpdate":false,"showSkybox":true,"showFlares":true,"showImageEffects":true,"showParticleSystems":true},"in2DMode":false,"pivot":{"x":-15.478682518005371,"y":16.860136032104493,"z":-54.92495346069336},"rotation":{"x":-0.06879515945911408,"y":-0.9311857223510742,"z":-0.24691349267959596,"w":0.25951024889945986},"size":79.51394653320313,"orthographic":true}